[{"model": "admin.logentry", "pk": 1, "fields": {"action_time": "2022-11-29T23:37:20.535Z", "user": 1, "content_type": 6, "object_id": "1", "object_repr": "Jackets", "action_flag": 1, "change_message": "[{\"added\": {}}]"}}, {"model": "admin.logentry", "pk": 2, "fields": {"action_time": "2022-11-29T23:37:51.946Z", "user": 1, "content_type": 6, "object_id": "1", "object_repr": "Jackets", "action_flag": 2, "change_message": "[{\"changed\": {\"fields\": [\"Cat image\"]}}]"}}, {"model": "admin.logentry", "pk": 3, "fields": {"action_time": "2022-11-29T23:38:44.010Z", "user": 1, "content_type": 6, "object_id": "2", "object_repr": "Jeans", "action_flag": 1, "change_message": "[{\"added\": {}}]"}}, {"model": "admin.logentry", "pk": 4, "fields": {"action_time": "2022-11-29T23:38:50.475Z", "user": 1, "content_type": 6, "object_id": "1", "object_repr": "Jackets", "action_flag": 2, "change_message": "[{\"changed\": {\"fields\": [\"Description\"]}}]"}}, {"model": "admin.logentry", "pk": 5, "fields": {"action_time": "2022-11-29T23:39:12.844Z", "user": 1, "content_type": 6, "object_id": "3", "object_repr": "Shirts", "action_flag": 1, "change_message": "[{\"added\": {}}]"}}, {"model": "admin.logentry", "pk": 6, "fields": {"action_time": "2022-11-29T23:39:33.666Z", "user": 1, "content_type": 6, "object_id": "4", "object_repr": "Shoes", "action_flag": 1, "change_message": "[{\"added\": {}}]"}}, {"model": "admin.logentry", "pk": 7, "fields": {"action_time": "2022-11-29T23:39:50.721Z", "user": 1, "content_type": 6, "object_id": "5", "object_repr": "T-Shirts", "action_flag": 1, "change_message": "[{\"added\": {}}]"}}, {"model": "admin.logentry", "pk": 8, "fields": {"action_time": "2022-11-29T23:49:02.725Z", "user": 1, "content_type": 8, "object_id": "1", "object_repr": "ATX-Jeans", "action_flag": 1, "change_message": "[{\"added\": {}}]"}}, {"model": "admin.logentry", "pk": 9, "fields": {"action_time": "2022-11-29T23:49:49.105Z", "user": 1, "content_type": 8, "object_id": "2", "object_repr": "Blue Dress Shirt", "action_flag": 1, "change_message": "[{\"added\": {}}]"}}, {"model": "admin.logentry", "pk": 10, "fields": {"action_time": "2022-11-29T23:50:25.881Z", "user": 1, "content_type": 8, "object_id": "3", "object_repr": "Cool T-Shirt", "action_flag": 1, "change_message": "[{\"added\": {}}]"}}, {"model": "admin.logentry", "pk": 11, "fields": {"action_time": "2022-11-29T23:51:18.125Z", "user": 1, "content_type": 8, "object_id": "4", "object_repr": "Air Jordan Basketball Shoes", "action_flag": 1, "change_message": "[{\"added\": {}}]"}}, {"model": "admin.logentry", "pk": 12, "fields": {"action_time": "2022-11-29T23:52:58.325Z", "user": 1, "content_type": 8, "object_id": "5", "object_repr": "Mavi-Jeans", "action_flag": 1, "change_message": "[{\"added\": {}}]"}}, {"model": "admin.logentry", "pk": 13, "fields": {"action_time": "2022-11-29T23:53:44.214Z", "user": 1, "content_type": 8, "object_id": "6", "object_repr": "Puma-Ferrari Shoes", "action_flag": 1, "change_message": "[{\"added\": {}}]"}}, {"model": "admin.logentry", "pk": 14, "fields": {"action_time": "2022-11-29T23:54:56.152Z", "user": 1, "content_type": 8, "object_id": "7", "object_repr": "US-Polo Assassin Jacket", "action_flag": 1, "change_message": "[{\"added\": {}}]"}}, {"model": "admin.logentry", "pk": 15, "fields": {"action_time": "2022-11-29T23:55:25.443Z", "user": 1, "content_type": 8, "object_id": "8", "object_repr": "Wrangler Shirt", "action_flag": 1, "change_message": "[{\"added\": {}}]"}}, {"model": "admin.logentry", "pk": 16, "fields": {"action_time": "2022-12-14T07:44:02.043Z", "user": 1, "content_type": 9, "object_id": "1", "object_repr": "Blue", "action_flag": 1, "change_message": "[{\"added\": {}}]"}}, {"model": "admin.logentry", "pk": 17, "fields": {"action_time": "2022-12-14T07:44:13.630Z", "user": 1, "content_type": 9, "object_id": "2", "object_repr": "Black", "action_flag": 1, "change_message": "[{\"added\": {}}]"}}, {"model": "admin.logentry", "pk": 18, "fields": {"action_time": "2022-12-14T07:44:21.211Z", "user": 1, "content_type": 9, "object_id": "3", "object_repr": "Brown", "action_flag": 1, "change_message": "[{\"added\": {}}]"}}, {"model": "admin.logentry", "pk": 19, "fields": {"action_time": "2022-12-14T07:44:34.590Z", "user": 1, "content_type": 9, "object_id": "4", "object_repr": "Small", "action_flag": 1, "change_message": "[{\"added\": {}}]"}}, {"model": "admin.logentry", "pk": 20, "fields": {"action_time": "2022-12-14T07:44:45.062Z", "user": 1, "content_type": 9, "object_id": "5", "object_repr": "Medium", "action_flag": 1, "change_message": "[{\"added\": {}}]"}}, {"model": "admin.logentry", "pk": 21, "fields": {"action_time": "2022-12-14T07:44:52.189Z", "user": 1, "content_type": 9, "object_id": "6", "object_repr": "Large", "action_flag": 1, "change_message": "[{\"added\": {}}]"}}, {"model": "admin.logentry", "pk": 22, "fields": {"action_time": "2022-12-14T07:45:00.137Z", "user": 1, "content_type": 9, "object_id": "7", "object_repr": "XL", "action_flag": 1, "change_message": "[{\"added\": {}}]"}}, {"model": "admin.logentry", "pk": 23, "fields": {"action_time": "2022-12-14T08:07:14.136Z", "user": 1, "content_type": 9, "object_id": "8", "object_repr": "Small", "action_flag": 1, "change_message": "[{\"added\": {}}]"}}, {"model": "admin.logentry", "pk": 24, "fields": {"action_time": "2022-12-14T08:07:22.123Z", "user": 1, "content_type": 9, "object_id": "9", "object_repr": "Medium", "action_flag": 1, "change_message": "[{\"added\": {}}]"}}, {"model": "admin.logentry", "pk": 25, "fields": {"action_time": "2022-12-14T08:07:33.149Z", "user": 1, "content_type": 9, "object_id": "10", "object_repr": "Large", "action_flag": 1, "change_message": "[{\"added\": {}}]"}}, {"model": "admin.logentry", "pk": 26, "fields": {"action_time": "2022-12-14T08:07:40.573Z", "user": 1, "content_type": 9, "object_id": "11", "object_repr": "XL", "action_flag": 1, "change_message": "[{\"added\": {}}]"}}, {"model": "admin.logentry", "pk": 27, "fields": {"action_time": "2022-12-14T08:07:58.148Z", "user": 1, "content_type": 9, "object_id": "12", "object_repr": "Blue", "action_flag": 1, "change_message": "[{\"added\": {}}]"}}, {"model": "admin.logentry", "pk": 28, "fields": {"action_time": "2022-12-14T08:08:08.649Z", "user": 1, "content_type": 9, "object_id": "12", "object_repr": "Blue", "action_flag": 3, "change_message": ""}}, {"model": "admin.logentry", "pk": 29, "fields": {"action_time": "2022-12-14T08:08:18.549Z", "user": 1, "content_type": 9, "object_id": "13", "object_repr": "Small", "action_flag": 1, "change_message": "[{\"added\": {}}]"}}, {"model": "admin.logentry", "pk": 30, "fields": {"action_time": "2022-12-14T08:08:26.448Z", "user": 1, "content_type": 9, "object_id": "14", "object_repr": "Medium", "action_flag": 1, "change_message": "[{\"added\": {}}]"}}, {"model": "admin.logentry", "pk": 31, "fields": {"action_time": "2022-12-14T08:08:48.974Z", "user": 1, "content_type": 9, "object_id": "15", "object_repr": "Large", "action_flag": 1, "change_message": "[{\"added\": {}}]"}}, {"model": "admin.logentry", "pk": 32, "fields": {"action_time": "2022-12-14T08:09:12.246Z", "user": 1, "content_type": 9, "object_id": "16", "object_repr": "XL", "action_flag": 1, "change_message": "[{\"added\": {}}]"}}, {"model": "admin.logentry", "pk": 33, "fields": {"action_time": "2022-12-14T08:09:26.864Z", "user": 1, "content_type": 9, "object_id": "17", "object_repr": "Small", "action_flag": 1, "change_message": "[{\"added\": {}}]"}}, {"model": "admin.logentry", "pk": 34, "fields": {"action_time": "2022-12-14T08:09:36.099Z", "user": 1, "content_type": 9, "object_id": "18", "object_repr": "Medium", "action_flag": 1, "change_message": "[{\"added\": {}}]"}}, {"model": "admin.logentry", "pk": 35, "fields": {"action_time": "2022-12-14T08:09:43.580Z", "user": 1, "content_type": 9, "object_id": "19", "object_repr": "Large", "action_flag": 1, "change_message": "[{\"added\": {}}]"}}, {"model": "admin.logentry", "pk": 36, "fields": {"action_time": "2022-12-14T08:09:50.225Z", "user": 1, "content_type": 9, "object_id": "20", "object_repr": "XL", "action_flag": 1, "change_message": "[{\"added\": {}}]"}}, {"model": "admin.logentry", "pk": 37, "fields": {"action_time": "2022-12-14T08:10:03.619Z", "user": 1, "content_type": 9, "object_id": "21", "object_repr": "Blue", "action_flag": 1, "change_message": "[{\"added\": {}}]"}}, {"model": "admin.logentry", "pk": 38, "fields": {"action_time": "2022-12-14T08:10:10.700Z", "user": 1, "content_type": 9, "object_id": "22", "object_repr": "Black", "action_flag": 1, "change_message": "[{\"added\": {}}]"}}, {"model": "admin.logentry", "pk": 39, "fields": {"action_time": "2022-12-14T08:10:17.063Z", "user": 1, "content_type": 9, "object_id": "23", "object_repr": "Brown", "action_flag": 1, "change_message": "[{\"added\": {}}]"}}, {"model": "admin.logentry", "pk": 40, "fields": {"action_time": "2022-12-14T08:10:22.739Z", "user": 1, "content_type": 9, "object_id": "24", "object_repr": "Small", "action_flag": 1, "change_message": "[{\"added\": {}}]"}}, {"model": "admin.logentry", "pk": 41, "fields": {"action_time": "2022-12-14T08:10:30.689Z", "user": 1, "content_type": 9, "object_id": "25", "object_repr": "Medium", "action_flag": 1, "change_message": "[{\"added\": {}}]"}}, {"model": "admin.logentry", "pk": 42, "fields": {"action_time": "2022-12-14T08:10:37.603Z", "user": 1, "content_type": 9, "object_id": "26", "object_repr": "XL", "action_flag": 1, "change_message": "[{\"added\": {}}]"}}, {"model": "admin.logentry", "pk": 43, "fields": {"action_time": "2022-12-14T08:10:55.585Z", "user": 1, "content_type": 9, "object_id": "26", "object_repr": "Large", "action_flag": 2, "change_message": "[{\"changed\": {\"fields\": [\"Variation value\"]}}]"}}, {"model": "admin.logentry", "pk": 44, "fields": {"action_time": "2022-12-14T08:11:03.686Z", "user": 1, "content_type": 9, "object_id": "27", "object_repr": "XL", "action_flag": 1, "change_message": "[{\"added\": {}}]"}}, {"model": "admin.logentry", "pk": 45, "fields": {"action_time": "2022-12-14T08:11:13.900Z", "user": 1, "content_type": 9, "object_id": "28", "object_repr": "Small", "action_flag": 1, "change_message": "[{\"added\": {}}]"}}, {"model": "admin.logentry", "pk": 46, "fields": {"action_time": "2022-12-14T08:11:19.918Z", "user": 1, "content_type": 9, "object_id": "29", "object_repr": "Medium", "action_flag": 1, "change_message": "[{\"added\": {}}]"}}, {"model": "admin.logentry", "pk": 47, "fields": {"action_time": "2022-12-14T08:11:27.182Z", "user": 1, "content_type": 9, "object_id": "30", "object_repr": "Large", "action_flag": 1, "change_message": "[{\"added\": {}}]"}}, {"model": "admin.logentry", "pk": 48, "fields": {"action_time": "2022-12-14T08:11:34.027Z", "user": 1, "content_type": 9, "object_id": "31", "object_repr": "XL", "action_flag": 1, "change_message": "[{\"added\": {}}]"}}, {"model": "admin.logentry", "pk": 49, "fields": {"action_time": "2022-12-14T08:11:45.765Z", "user": 1, "content_type": 9, "object_id": "32", "object_repr": "Blue", "action_flag": 1, "change_message": "[{\"added\": {}}]"}}, {"model": "admin.logentry", "pk": 50, "fields": {"action_time": "2022-12-14T08:11:52.780Z", "user": 1, "content_type": 9, "object_id": "33", "object_repr": "Black", "action_flag": 1, "change_message": "[{\"added\": {}}]"}}, {"model": "admin.logentry", "pk": 51, "fields": {"action_time": "2022-12-14T08:12:09.555Z", "user": 1, "content_type": 9, "object_id": "34", "object_repr": "Large", "action_flag": 1, "change_message": "[{\"added\": {}}]"}}, {"model": "admin.logentry", "pk": 52, "fields": {"action_time": "2022-12-14T08:12:18.050Z", "user": 1, "content_type": 9, "object_id": "34", "object_repr": "Green", "action_flag": 2, "change_message": "[{\"changed\": {\"fields\": [\"Variation value\"]}}]"}}, {"model": "admin.logentry", "pk": 53, "fields": {"action_time": "2022-12-14T08:12:38.445Z", "user": 1, "content_type": 9, "object_id": "35", "object_repr": "Small", "action_flag": 1, "change_message": "[{\"added\": {}}]"}}, {"model": "admin.logentry", "pk": 54, "fields": {"action_time": "2022-12-14T08:12:47.970Z", "user": 1, "content_type": 9, "object_id": "36", "object_repr": "Medium", "action_flag": 1, "change_message": "[{\"added\": {}}]"}}, {"model": "admin.logentry", "pk": 55, "fields": {"action_time": "2022-12-14T08:12:55.118Z", "user": 1, "content_type": 9, "object_id": "37", "object_repr": "Large", "action_flag": 1, "change_message": "[{\"added\": {}}]"}}, {"model": "admin.logentry", "pk": 56, "fields": {"action_time": "2022-12-14T08:13:02.199Z", "user": 1, "content_type": 9, "object_id": "38", "object_repr": "XL", "action_flag": 1, "change_message": "[{\"added\": {}}]"}}, {"model": "admin.logentry", "pk": 57, "fields": {"action_time": "2022-12-14T08:13:13.118Z", "user": 1, "content_type": 9, "object_id": "39", "object_repr": "Brown", "action_flag": 1, "change_message": "[{\"added\": {}}]"}}, {"model": "admin.logentry", "pk": 58, "fields": {"action_time": "2022-12-14T08:13:19.652Z", "user": 1, "content_type": 9, "object_id": "40", "object_repr": "Tan", "action_flag": 1, "change_message": "[{\"added\": {}}]"}}, {"model": "admin.logentry", "pk": 59, "fields": {"action_time": "2022-12-14T08:13:29.684Z", "user": 1, "content_type": 9, "object_id": "41", "object_repr": "Black", "action_flag": 1, "change_message": "[{\"added\": {}}]"}}, {"model": "admin.logentry", "pk": 60, "fields": {"action_time": "2022-12-14T08:13:34.928Z", "user": 1, "content_type": 9, "object_id": "42", "object_repr": "Small", "action_flag": 1, "change_message": "[{\"added\": {}}]"}}, {"model": "admin.logentry", "pk": 61, "fields": {"action_time": "2022-12-14T08:13:44.382Z", "user": 1, "content_type": 9, "object_id": "43", "object_repr": "Medium", "action_flag": 1, "change_message": "[{\"added\": {}}]"}}, {"model": "admin.logentry", "pk": 62, "fields": {"action_time": "2022-12-14T08:13:52.317Z", "user": 1, "content_type": 9, "object_id": "44", "object_repr": "Large", "action_flag": 1, "change_message": "[{\"added\": {}}]"}}, {"model": "admin.logentry", "pk": 63, "fields": {"action_time": "2022-12-14T08:13:58.758Z", "user": 1, "content_type": 9, "object_id": "45", "object_repr": "XL", "action_flag": 1, "change_message": "[{\"added\": {}}]"}}, {"model": "auth.permission", "pk": 1, "fields": {"name": "Can add log entry", "content_type": 1, "codename": "add_logentry"}}, {"model": "auth.permission", "pk": 2, "fields": {"name": "Can change log entry", "content_type": 1, "codename": "change_logentry"}}, {"model": "auth.permission", "pk": 3, "fields": {"name": "Can delete log entry", "content_type": 1, "codename": "delete_logentry"}}, {"model": "auth.permission", "pk": 4, "fields": {"name": "Can view log entry", "content_type": 1, "codename": "view_logentry"}}, {"model": "auth.permission", "pk": 5, "fields": {"name": "Can add permission", "content_type": 2, "codename": "add_permission"}}, {"model": "auth.permission", "pk": 6, "fields": {"name": "Can change permission", "content_type": 2, "codename": "change_permission"}}, {"model": "auth.permission", "pk": 7, "fields": {"name": "Can delete permission", "content_type": 2, "codename": "delete_permission"}}, {"model": "auth.permission", "pk": 8, "fields": {"name": "Can view permission", "content_type": 2, "codename": "view_permission"}}, {"model": "auth.permission", "pk": 9, "fields": {"name": "Can add group", "content_type": 3, "codename": "add_group"}}, {"model": "auth.permission", "pk": 10, "fields": {"name": "Can change group", "content_type": 3, "codename": "change_group"}}, {"model": "auth.permission", "pk": 11, "fields": {"name": "Can delete group", "content_type": 3, "codename": "delete_group"}}, {"model": "auth.permission", "pk": 12, "fields": {"name": "Can view group", "content_type": 3, "codename": "view_group"}}, {"model": "auth.permission", "pk": 13, "fields": {"name": "Can add content type", "content_type": 4, "codename": "add_contenttype"}}, {"model": "auth.permission", "pk": 14, "fields": {"name": "Can change content type", "content_type": 4, "codename": "change_contenttype"}}, {"model": "auth.permission", "pk": 15, "fields": {"name": "Can delete content type", "content_type": 4, "codename": "delete_contenttype"}}, {"model": "auth.permission", "pk": 16, "fields": {"name": "Can view content type", "content_type": 4, "codename": "view_contenttype"}}, {"model": "auth.permission", "pk": 17, "fields": {"name": "Can add session", "content_type": 5, "codename": "add_session"}}, {"model": "auth.permission", "pk": 18, "fields": {"name": "Can change session", "content_type": 5, "codename": "change_session"}}, {"model": "auth.permission", "pk": 19, "fields": {"name": "Can delete session", "content_type": 5, "codename": "delete_session"}}, {"model": "auth.permission", "pk": 20, "fields": {"name": "Can view session", "content_type": 5, "codename": "view_session"}}, {"model": "auth.permission", "pk": 21, "fields": {"name": "Can add category", "content_type": 6, "codename": "add_category"}}, {"model": "auth.permission", "pk": 22, "fields": {"name": "Can change category", "content_type": 6, "codename": "change_category"}}, {"model": "auth.permission", "pk": 23, "fields": {"name": "Can delete category", "content_type": 6, "codename": "delete_category"}}, {"model": "auth.permission", "pk": 24, "fields": {"name": "Can view category", "content_type": 6, "codename": "view_category"}}, {"model": "auth.permission", "pk": 25, "fields": {"name": "Can add account", "content_type": 7, "codename": "add_account"}}, {"model": "auth.permission", "pk": 26, "fields": {"name": "Can change account", "content_type": 7, "codename": "change_account"}}, {"model": "auth.permission", "pk": 27, "fields": {"name": "Can delete account", "content_type": 7, "codename": "delete_account"}}, {"model": "auth.permission", "pk": 28, "fields": {"name": "Can view account", "content_type": 7, "codename": "view_account"}}, {"model": "auth.permission", "pk": 29, "fields": {"name": "Can add product", "content_type": 8, "codename": "add_product"}}, {"model": "auth.permission", "pk": 30, "fields": {"name": "Can change product", "content_type": 8, "codename": "change_product"}}, {"model": "auth.permission", "pk": 31, "fields": {"name": "Can delete product", "content_type": 8, "codename": "delete_product"}}, {"model": "auth.permission", "pk": 32, "fields": {"name": "Can view product", "content_type": 8, "codename": "view_product"}}, {"model": "auth.permission", "pk": 33, "fields": {"name": "Can add variation", "content_type": 9, "codename": "add_variation"}}, {"model": "auth.permission", "pk": 34, "fields": {"name": "Can change variation", "content_type": 9, "codename": "change_variation"}}, {"model": "auth.permission", "pk": 35, "fields": {"name": "Can delete variation", "content_type": 9, "codename": "delete_variation"}}, {"model": "auth.permission", "pk": 36, "fields": {"name": "Can view variation", "content_type": 9, "codename": "view_variation"}}, {"model": "auth.permission", "pk": 37, "fields": {"name": "Can add cart", "content_type": 10, "codename": "add_cart"}}, {"model": "auth.permission", "pk": 38, "fields": {"name": "Can change cart", "content_type": 10, "codename": "change_cart"}}, {"model": "auth.permission", "pk": 39, "fields": {"name": "Can delete cart", "content_type": 10, "codename": "delete_cart"}}, {"model": "auth.permission", "pk": 40, "fields": {"name": "Can view cart", "content_type": 10, "codename": "view_cart"}}, {"model": "auth.permission", "pk": 41, "fields": {"name": "Can add cart item", "content_type": 11, "codename": "add_cartitem"}}, {"model": "auth.permission", "pk": 42, "fields": {"name": "Can change cart item", "content_type": 11, "codename": "change_cartitem"}}, {"model": "auth.permission", "pk": 43, "fields": {"name": "Can delete cart item", "content_type": 11, "codename": "delete_cartitem"}}, {"model": "auth.permission", "pk": 44, "fields": {"name": "Can view cart item", "content_type": 11, "codename": "view_cartitem"}}, {"model": "contenttypes.contenttype", "pk": 1, "fields": {"app_label": "admin", "model": "logentry"}}, {"model": "contenttypes.contenttype", "pk": 2, "fields": {"app_label": "auth", "model": "permission"}}, {"model": "contenttypes.contenttype", "pk": 3, "fields": {"app_label": "auth", "model": "group"}}, {"model": "contenttypes.contenttype", "pk": 4, "fields": {"app_label": "contenttypes", "model": "contenttype"}}, {"model": "contenttypes.contenttype", "pk": 5, "fields": {"app_label": "sessions", "model": "session"}}, {"model": "contenttypes.contenttype", "pk": 6, "fields": {"app_label": "category", "model": "category"}}, {"model": "contenttypes.contenttype", "pk": 7, "fields": {"app_label": "accounts", "model": "account"}}, {"model": "contenttypes.contenttype", "pk": 8, "fields": {"app_label": "store", "model": "product"}}, {"model": "contenttypes.contenttype", "pk": 9, "fields": {"app_label": "store", "model": "variation"}}, {"model": "contenttypes.contenttype", "pk": 10, "fields": {"app_label": "carts", "model": "cart"}}, {"model": "contenttypes.contenttype", "pk": 11, "fields": {"app_label": "carts", "model": "cartitem"}}, {"model": "sessions.session", "pk": "gsl2vonsd1a1ptbum3smclnl4few3re9", "fields": {"session_data": ".eJxVjDsOwjAQBe_iGllZf9iYkj5nsHb9wQFkS3FSIe4OkVJA-2bmvYSnbS1-62nxcxQXAeL0uzGFR6o7iHeqtyZDq-sys9wVedAupxbT83q4fweFevnWmtG4ES0ja8saAAbQI5A9Y7akjAWMGCilDApUIqZoshsiB9DKhSzeH79HN7o:1p5MMb:-xbsHx7VbEEUdTdJUxs5ATNUL_CJlRHHxQssZYbniKU", "expire_date": "2022-12-28T07:39:37.211Z"}}, {"model": "sessions.session", "pk": "k97jq0uyd67kxjxxzl51hiazhr22ojd6", "fields": {"session_data": ".eJxVjDsOwjAQBe_iGllZf9iYkj5nsHb9wQFkS3FSIe4OkVJA-2bmvYSnbS1-62nxcxQXAeL0uzGFR6o7iHeqtyZDq-sys9wVedAupxbT83q4fweFevnWmtG4ES0ja8saAAbQI5A9Y7akjAWMGCilDApUIqZoshsiB9DKhSzeH79HN7o:1p0A8m:vjGK9LknA02sz5GJ2tLdHrJFdj9qbBDqSxw3PkRo8aU", "expire_date": "2022-12-13T23:35:52.187Z"}}, {"model": "category.category", "pk": 1, "fields": {"category_name": "Jackets", "slug": "jackets", "description": "A short description about our Jackets category", "cat_image": "photos/categories/jackets_hNG5kAk.jpg"}}, {"model": "category.category", "pk": 2, "fields": {"category_name": "Jeans", "slug": "jeans", "description": "A short description about our Jeans category", "cat_image": "photos/categories/jeans_T4Eixqf.jpg"}}, {"model": "category.category", "pk": 3, "fields": {"category_name": "Shirts", "slug": "shirts", "description": "A short description about our Shirts category", "cat_image": "photos/categories/shirts_BY8X1UU.jpg"}}, {"model": "category.category", "pk": 4, "fields": {"category_name": "Shoes", "slug": "shoes", "description": "A short description about our Shoes category", "cat_image": "photos/categories/shoes_ptUOpuV.png"}}, {"model": "category.category", "pk": 5, "fields": {"category_name": "T-Shirts", "slug": "t-shirts", "description": "A short description about our T-Shirts category", "cat_image": "photos/categories/tshirts_m5GoNiM.jpg"}}, {"model": "accounts.account", "pk": 1, "fields": {"password": "pbkdf2_sha256$390000$iZ9IU8p5uBCHt3VrNk7GQF$MjkAdzmK4uUa+8/ovUVLUqXnBbOPYjF26Cbk0W+Gj3E=", "last_login": "2022-12-14T07:39:37.209Z", "first_name": "admin", "last_name": "admin", "username": "admin", "email": "admin", "phone_number": null, "date_joined": "2022-11-29T23:35:36.354Z", "last_logged_in": "2022-11-29T23:35:36.354Z", "is_admin": true, "is_staff": true, "is_active": true, "is_superadmin": true}}, {"model": "store.product", "pk": 1, "fields": {"product_name": "ATX-Jeans", "slug": "atx-jeans", "description": "A short description about our product ATX-Jeans", "price": 80, "images": "photos/products/ATX-Jeans.jpg", "stock": 50, "is_available": true, "created_date": "2022-11-29T23:49:02.723Z", "modified_date": "2022-11-29T23:49:02.723Z", "category": 2}}, {"model": "store.product", "pk": 2, "fields": {"product_name": "Blue Dress Shirt", "slug": "blue-dress-shirt", "description": "A short description about our product: Blue Dress Shirt", "price": 60, "images": "photos/products/Blue-Shirt.jpg", "stock": 200, "is_available": true, "created_date": "2022-11-29T23:49:49.103Z", "modified_date": "2022-11-29T23:49:49.103Z", "category": 3}}, {"model": "store.product", "pk": 3, "fields": {"product_name": "Cool T-Shirt", "slug": "cool-t-shirt", "description": "A short description about our product: Cool T-Shirt", "price": 40, "images": "photos/products/Great-Tshirt.jpg", "stock": 200, "is_available": true, "created_date": "2022-11-29T23:50:25.879Z", "modified_date": "2022-11-29T23:50:25.879Z", "category": 3}}, {"model": "store.product", "pk": 4, "fields": {"product_name": "Air Jordan Basketball Shoes", "slug": "air-jordan-basketball-shoes", "description": "A short description about our product: Air Jordan Basketball Shoes", "price": 200, "images": "photos/products/jordan-true-flight-basketball-shoes.jpg", "stock": 20, "is_available": true, "created_date": "2022-11-29T23:51:18.124Z", "modified_date": "2022-11-29T23:51:18.124Z", "category": 4}}, {"model": "store.product", "pk": 5, "fields": {"product_name": "Mavi-Jeans", "slug": "mavi-jeans", "description": "A short description about our product: Mavi-Jeans", "price": 100, "images": "photos/products/Mavi_jeans.jpg", "stock": 100, "is_available": true, "created_date": "2022-11-29T23:52:58.324Z", "modified_date": "2022-11-29T23:52:58.324Z", "category": 2}}, {"model": "store.product", "pk": 6, "fields": {"product_name": "Puma-Ferrari Shoes", "slug": "puma-ferrari-shoes", "description": "A short description for our product: Puma-Ferrari Shoes", "price": 500, "images": "photos/products/Puma-Ferrari-Shoes.jpg", "stock": 10, "is_available": true, "created_date": "2022-11-29T23:53:44.213Z", "modified_date": "2022-11-29T23:53:44.213Z", "category": 4}}, {"model": "store.product", "pk": 7, "fields": {"product_name": "US-Polo Assassin Jacket", "slug": "us-polo-assassin-jacket", "description": "A short description for our product: US-Polo Assassin Jacket", "price": 150, "images": "photos/products/US-Polo-Assn_Jacket.jpg", "stock": 50, "is_available": true, "created_date": "2022-11-29T23:54:56.151Z", "modified_date": "2022-11-29T23:54:56.151Z", "category": 1}}, {"model": "store.product", "pk": 8, "fields": {"product_name": "Wrangler Shirt", "slug": "wrangler-shirt", "description": "A short description for our product: Wrangler Shirt", "price": 30, "images": "photos/products/Wrangler-Shirt.jpg", "stock": 200, "is_available": true, "created_date": "2022-11-29T23:55:25.441Z", "modified_date": "2022-11-29T23:55:25.441Z", "category": 3}}, {"model": "store.variation", "pk": 1, "fields": {"product": 1, "variation_category": "color", "variation_value": "Blue", "is_active": true, "created_at": "2022-12-14T07:44:02.041Z"}}, {"model": "store.variation", "pk": 2, "fields": {"product": 1, "variation_category": "color", "variation_value": "Black", "is_active": true, "created_at": "2022-12-14T07:44:13.629Z"}}, {"model": "store.variation", "pk": 3, "fields": {"product": 1, "variation_category": "color", "variation_value": "Brown", "is_active": true, "created_at": "2022-12-14T07:44:21.210Z"}}, {"model": "store.variation", "pk": 4, "fields": {"product": 1, "variation_category": "size", "variation_value": "Small", "is_active": true, "created_at": "2022-12-14T07:44:34.588Z"}}, {"model": "store.variation", "pk": 5, "fields": {"product": 1, "variation_category": "size", "variation_value": "Medium", "is_active": true, "created_at": "2022-12-14T07:44:45.061Z"}}, {"model": "store.variation", "pk": 6, "fields": {"product": 1, "variation_category": "size", "variation_value": "Large", "is_active": true, "created_at": "2022-12-14T07:44:52.188Z"}}, {"model": "store.variation", "pk": 7, "fields": {"product": 1, "variation_category": "size", "variation_value": "XL", "is_active": true, "created_at": "2022-12-14T07:45:00.136Z"}}, {"model": "store.variation", "pk": 8, "fields": {"product": 2, "variation_category": "size", "variation_value": "Small", "is_active": true, "created_at": "2022-12-14T08:07:14.135Z"}}, {"model": "store.variation", "pk": 9, "fields": {"product": 2, "variation_category": "size", "variation_value": "Medium", "is_active": true, "created_at": "2022-12-14T08:07:22.121Z"}}, {"model": "store.variation", "pk": 10, "fields": {"product": 2, "variation_category": "size", "variation_value": "Large", "is_active": true, "created_at": "2022-12-14T08:07:33.147Z"}}, {"model": "store.variation", "pk": 11, "fields": {"product": 2, "variation_category": "size", "variation_value": "XL", "is_active": true, "created_at": "2022-12-14T08:07:40.572Z"}}, {"model": "store.variation", "pk": 13, "fields": {"product": 3, "variation_category": "size", "variation_value": "Small", "is_active": true, "created_at": "2022-12-14T08:08:18.548Z"}}, {"model": "store.variation", "pk": 14, "fields": {"product": 3, "variation_category": "size", "variation_value": "Medium", "is_active": true, "created_at": "2022-12-14T08:08:26.446Z"}}, {"model": "store.variation", "pk": 15, "fields": {"product": 3, "variation_category": "size", "variation_value": "Large", "is_active": true, "created_at": "2022-12-14T08:08:48.972Z"}}, {"model": "store.variation", "pk": 16, "fields": {"product": 3, "variation_category": "size", "variation_value": "XL", "is_active": true, "created_at": "2022-12-14T08:09:12.244Z"}}, {"model": "store.variation", "pk": 17, "fields": {"product": 4, "variation_category": "size", "variation_value": "Small", "is_active": true, "created_at": "2022-12-14T08:09:26.862Z"}}, {"model": "store.variation", "pk": 18, "fields": {"product": 4, "variation_category": "size", "variation_value": "Medium", "is_active": true, "created_at": "2022-12-14T08:09:36.098Z"}}, {"model": "store.variation", "pk": 19, "fields": {"product": 4, "variation_category": "size", "variation_value": "Large", "is_active": true, "created_at": "2022-12-14T08:09:43.578Z"}}, {"model": "store.variation", "pk": 20, "fields": {"product": 4, "variation_category": "size", "variation_value": "XL", "is_active": true, "created_at": "2022-12-14T08:09:50.224Z"}}, {"model": "store.variation", "pk": 21, "fields": {"product": 5, "variation_category": "color", "variation_value": "Blue", "is_active": true, "created_at": "2022-12-14T08:10:03.618Z"}}, {"model": "store.variation", "pk": 22, "fields": {"product": 5, "variation_category": "color", "variation_value": "Black", "is_active": true, "created_at": "2022-12-14T08:10:10.699Z"}}, {"model": "store.variation", "pk": 23, "fields": {"product": 5, "variation_category": "color", "variation_value": "Brown", "is_active": true, "created_at": "2022-12-14T08:10:17.062Z"}}, {"model": "store.variation", "pk": 24, "fields": {"product": 5, "variation_category": "size", "variation_value": "Small", "is_active": true, "created_at": "2022-12-14T08:10:22.738Z"}}, {"model": "store.variation", "pk": 25, "fields": {"product": 5, "variation_category": "size", "variation_value": "Medium", "is_active": true, "created_at": "2022-12-14T08:10:30.687Z"}}, {"model": "store.variation", "pk": 26, "fields": {"product": 5, "variation_category": "size", "variation_value": "Large", "is_active": true, "created_at": "2022-12-14T08:10:55.584Z"}}, {"model": "store.variation", "pk": 27, "fields": {"product": 5, "variation_category": "size", "variation_value": "XL", "is_active": true, "created_at": "2022-12-14T08:11:03.685Z"}}, {"model": "store.variation", "pk": 28, "fields": {"product": 6, "variation_category": "size", "variation_value": "Small", "is_active": true, "created_at": "2022-12-14T08:11:13.898Z"}}, {"model": "store.variation", "pk": 29, "fields": {"product": 6, "variation_category": "size", "variation_value": "Medium", "is_active": true, "created_at": "2022-12-14T08:11:19.916Z"}}, {"model": "store.variation", "pk": 30, "fields": {"product": 6, "variation_category": "size", "variation_value": "Large", "is_active": true, "created_at": "2022-12-14T08:11:27.181Z"}}, {"model": "store.variation", "pk": 31, "fields": {"product": 6, "variation_category": "size", "variation_value": "XL", "is_active": true, "created_at": "2022-12-14T08:11:34.025Z"}}, {"model": "store.variation", "pk": 32, "fields": {"product": 7, "variation_category": "color", "variation_value": "Blue", "is_active": true, "created_at": "2022-12-14T08:11:45.764Z"}}, {"model": "store.variation", "pk": 33, "fields": {"product": 7, "variation_category": "color", "variation_value": "Black", "is_active": true, "created_at": "2022-12-14T08:11:52.778Z"}}, {"model": "store.variation", "pk": 34, "fields": {"product": 7, "variation_category": "color", "variation_value": "Green", "is_active": true, "created_at": "2022-12-14T08:12:18.049Z"}}, {"model": "store.variation", "pk": 35, "fields": {"product": 7, "variation_category": "size", "variation_value": "Small", "is_active": true, "created_at": "2022-12-14T08:12:38.443Z"}}, {"model": "store.variation", "pk": 36, "fields": {"product": 7, "variation_category": "size", "variation_value": "Medium", "is_active": true, "created_at": "2022-12-14T08:12:47.969Z"}}, {"model": "store.variation", "pk": 37, "fields": {"product": 7, "variation_category": "size", "variation_value": "Large", "is_active": true, "created_at": "2022-12-14T08:12:55.116Z"}}, {"model": "store.variation", "pk": 38, "fields": {"product": 7, "variation_category": "size", "variation_value": "XL", "is_active": true, "created_at": "2022-12-14T08:13:02.197Z"}}, {"model": "store.variation", "pk": 39, "fields": {"product": 8, "variation_category": "color", "variation_value": "Brown", "is_active": true, "created_at": "2022-12-14T08:13:13.117Z"}}, {"model": "store.variation", "pk": 40, "fields": {"product": 8, "variation_category": "color", "variation_value": "Tan", "is_active": true, "created_at": "2022-12-14T08:13:19.650Z"}}, {"model": "store.variation", "pk": 41, "fields": {"product": 8, "variation_category": "color", "variation_value": "Black", "is_active": true, "created_at": "2022-12-14T08:13:29.683Z"}}, {"model": "store.variation", "pk": 42, "fields": {"product": 8, "variation_category": "size", "variation_value": "Small", "is_active": true, "created_at": "2022-12-14T08:13:34.927Z"}}, {"model": "store.variation", "pk": 43, "fields": {"product": 8, "variation_category": "size", "variation_value": "Medium", "is_active": true, "created_at": "2022-12-14T08:13:44.381Z"}}, {"model": "store.variation", "pk": 44, "fields": {"product": 8, "variation_category": "size", "variation_value": "Large", "is_active": true, "created_at": "2022-12-14T08:13:52.315Z"}}, {"model": "store.variation", "pk": 45, "fields": {"product": 8, "variation_category": "size", "variation_value": "XL", "is_active": true, "created_at": "2022-12-14T08:13:58.756Z"}}]